"sub","CP1","CP2","CP3","meanCP","NCP1","NCP2","NCP3","meanNCP","CL1","CL2","CL3","meanCL","NCL1","NCL2","NCL3","meanNCL","RAN1","RAN2","RAN3","meanRAN","ORFwpm1","ORFwpm2","ORFwpm3","meanORFwpm"
1,15.58456416,14.66788555,18.96766534,16.4067050166667,13.83467602,13.68475341,16.73449648,14.7513086366667,17.8677066829987,17.9009794259982,16.8510582890012,17.5399147993327,20.41772159,19.48427698,17.69943778,19.2004787833333,14.45132531,16.8009975,15.91776369,15.7233621666667,176.022842973654,180.626541410024,172.821433545862,176.49027264318
2,15.13461573,18.76587459,15.71610347,16.5388645966667,18.33441753,15.81785385,15.66780029,16.6066905566667,14.46795342,21.76756602,17.20128459,17.81226801,20.7176175459972,22.1841800780021,18.251053551001,20.3842837250001,16.93449362,17.26770555,15.05129293,16.4178307,191.853118295156,174.498056519394,168.823828471054,178.391667761868
3,23.63403174,26.6839422,30.2320419,26.85000528,20.59915088,20.51754562,22.55071227,21.22246959,18.0993455539938,20.484237622004,19.5009118419985,19.3614983393321,23.88418868,25.86732773,22.76748873,24.1730017133333,20.16770403,19.46762589,19.3343196,19.65654984,136.287336027135,128.224175986558,105.696496717064,123.402669576919
4,18.00099415,19.18431596,16.33447101,17.83992704,18.03437072,21.69964888,19.08422532,19.60608164,18.58447835,25.46720436,17.8009986,20.6175604366667,24.1841572810008,19.7009932900037,18.3009255830038,20.7286920513361,15.91777491,18.70109159,18.55101021,17.7232922366667,149.823824073406,153.596084182676,145.101207922588,149.507038726223
5,24.95053793,18.81765948,18.84935419,20.8725172,17.41777902,15.80112944,18.15098726,17.1232985733333,16.1678276730017,14.4012660570006,16.4347867070028,15.6679601456684,19.64933673,18.50106443,14.58462234,17.5783411666667,13.21623415,13.61784408,14.65136601,13.8284814133333,204.498870062394,207.908078571459,182.405495656726,198.270814763526
6,15.75058174,23.14905652,19.65033751,19.51665859,19.20036667,17.0338396,25.73325541,20.65582056,20.35030347,24.31568045,20.66695258,21.7776455,21.4502147730018,26.1489350170013,22.3335789319972,23.3109095740001,21.81698763,21.63363482,20.600232,21.3502848166667,189.192786336431,184.54637933898,177.368217200287,183.702460958566
7,15.7011570989998,14.6180138050113,14.9161892039992,15.0784533693368,14.0513163600117,14.3679360240058,15.4346472809993,14.6179665550056,19.1511784239992,19.4343320890039,19.2508516480011,19.2787873870014,24.5507425920077,22.7340741730004,19.3343261120026,22.2063809590036,17.6678399960074,19.4676796059939,16.6677697220002,17.9344297746672,193.115930111887,172.950845098667,170.444180036485,178.836985082346
8,14.7661627149937,13.3012939370092,13.3345673580043,13.8006746700024,17.7178556080034,15.4346593549999,15.667810605999,16.2734418563341,19.5009910020017,19.9509226109949,19.0343296690116,19.4954144273361,22.9507150349964,24.1174038720055,22.7674078349955,23.2785089139992,18.0843853409897,17.8842802900035,17.6178217690031,17.8621624666654,203.735269750232,190.708972707724,182.467901802981,192.304048086979
9,31.5663569690078,18.500576268998,26.3666457390063,25.477859659004,16.2671685389942,19.2672535680031,18.1005982979987,17.8783401349986,19.2170201420086,18.8838697430037,19.3671901549969,19.1560266800031,22.6503767130052,18.9338668109995,18.4672187899996,20.0171541046681,15.700555501011,15.9340165080066,16.7838179769897,16.1394633286691,176.26177997199,150.148209880227,146.458604201903,157.622864684707
10,17.0676758590125,14.8012412829994,19.1843456049974,17.0177542490031,17.2346140510053,19.2176170489984,21.3490912830021,19.2671074610019,15.5662965119991,21.6676234479964,15.5178560729983,17.5839253443313,18.5176927720022,16.1677891670115,16.1845045679947,16.9566621690028,14.7345714709954,15.1013625030027,14.9344735199993,14.9234691646658,177.074962499871,182.03877595708,169.091750307913,176.068496254955
12,14.8845607859985,14.9179011270026,14.8345892549987,14.8790170559999,14.6512169240013,16.0345686490036,17.6842952610023,16.1233602780024,15.70137285901,16.4345918160107,15.6844683689997,15.9401443480068,19.0010500590142,16.6677714339894,15.9011319590063,17.1899844840033,11.9180406259984,15.2012476679956,12.334656653009,13.1513149823343,249.893821735953,215.767049956005,214.062712342409,226.574528011456
13,16.7177170869982,14.7179169709998,24.5340262889949,18.6565534489976,17.6827404119977,15.3678762880008,27.7822666779975,20.2776277926653,17.2844178440137,16.5345776950126,18.6842138159991,17.5010697850084,20.5009277279896,22.2674006890011,18.9175908619945,20.5619730929951,18.0343326279981,19.4176642379898,18.8509536359925,18.7676501673268,174.246697945334,179.518491537397,144.119999303453,165.961729595395
15,19.4176874339901,18.1011822859873,21.2175094330014,19.5787930509929,18.9176854950056,21.6842757540144,22.7674304249958,21.1231305580053,19.6342611649889,16.4677513259958,17.9677534699877,18.0232553203241,28.6004759109928,23.0007685180026,20.5341890329873,24.0451444873276,18.6010751610011,19.7842305480008,19.3175371310062,19.2342809466694,166.492797727525,174.303339883197,124.985678375985,155.260605328903
16,18.9992780710018,23.8842015870032,19.6176740539959,20.8337179040003,21.4341761639953,19.8009418599977,23.3506667619949,21.5285949286626,19.6343691700022,24.6006238080008,18.5677241279918,20.9342390353316,25.8005581129983,24.2673062009999,21.8508957260055,23.9729200133346,18.6344544180029,20.4009364170051,18.3675969729957,19.1343292693346,175.125991716926,176.53876506197,169.900504068925,173.855086949274
17,20.6008868760109,15.3512987059949,20.9841651000024,18.9787835606694,16.1176939839934,14.5012277800124,0.00190241400559898,10.2069413926705,19.451051519005,17.7843913690012,17.0010109740106,18.0788179540056,16.7844587190048,17.9177425119997,20.4174793779966,18.373226869667,16.5844944379933,15.3844607929932,16.0011107089958,15.9900219799941,165.052231945009,166.254463428288,160.533394414416,163.946696595904
18,24.1156118770014,17.217821749,15.0178111629939,18.7837482629984,14.784679799006,17.5843983329978,25.0506732229987,19.1399171183342,14.6512357320025,15.4180284539907,15.4678954450064,15.1790532103332,16.1678900900006,16.417809274004,17.4177261519944,16.667808505333,15.0178415830014,14.7512622600043,13.5014087340096,14.4235041923384,245.079652234852,222.750499807964,211.681594014581,226.503915352466
19,22.1007407790021,20.1343742019963,20.6658725160087,20.9669958323357,17.2845169680077,21.8509668939951,19.9509434570064,19.695475773003,20.1492379389965,19.7508923010028,16.9676378529985,18.9559226976659,22.1008883330069,19.0342086590099,19.667668042006,20.2675883446742,23.7673942990077,20.6509789440024,20.4175437179947,21.6119723203349,178.06716912158,167.025422631237,143.230918617222,162.77450345668
20,16.851086789,13.5347222590062,14.5844807910034,14.9900966130032,14.4678887699993,17.1512255879934,19.3009660309908,16.9733601296612,14.0012957360013,15.8677266519953,14.5661069529888,14.8117097803285,18.3011490089993,16.2678078230092,13.9012272849941,16.1567280390009,13.9846637759911,14.3513822179957,14.8846380070026,14.4068946669965,214.74118256242,214.974900683852,199.552120694445,209.756067980239
21,17.4510896889988,18.7343340929947,16.701275126994,17.6288996363292,15.0512047340017,15.2679413250007,20.4824946949957,16.9338802513327,19.2843365430017,19.0677955049905,18.7843280230009,19.045486690331,22.6508909069962,20.0343383750005,19.3176497230015,20.6676263349994,16.2178282660025,19.4010812750057,17.9019125679915,17.8402740363332,182.495669051723,190.013632731254,168.610484369742,180.373262050906
22,16.2010576050088,15.1179460819985,18.1842668910103,16.5010901926726,13.8845454580005,16.6666061930009,19.7842082719872,16.7784533076629,17.3177250440058,22.8504746420076,18.451067735994,19.5397558073358,20.6508373899997,20.88419307,20.5174852119962,20.6841718906653,17.4159463969991,18.6677018969931,17.9176450259984,18.0004311066635,169.675502345317,181.890362579149,157.124815487371,169.563560137279
23,18.0676656150026,17.5011422139942,22.4674106989987,19.3454061759985,15.3512664530135,16.4844453320111,18.7342525470012,16.8566547773419,19.551046736,20.3342598509917,20.0008704289939,19.9620590053285,24.6507088760118,23.2175096700084,21.1157992209919,22.994672589004,18.7843111020047,18.7510174829949,18.3676241610083,18.6343175820026,163.356595042233,163.068288163521,148.20873087275,158.211204692834
24,16.7010906260111,16.184604723996,16.0011514490179,16.295615599675,18.3844246190274,18.9843898979889,20.4176463560143,19.2621536243435,23.3007117709785,26.3005247490073,22.8674258590036,24.1562207929965,27.533889607992,24.1657252120203,24.0339974009839,25.2445374069988,19.1176043569867,26.2322115330026,26.5171712309821,23.9556623736571,156.393931412999,151.654999669339,135.541252012054,147.863394364797
26,16.2678016239952,17.801174274995,18.2510378830193,17.4400045940032,17.0510555869841,18.8344416439941,18.6509170429781,18.1788047579854,18.4010788349842,21.517586831993,18.7509583789797,19.5565413486523,19.8844470680051,23.6841936760175,17.9009906800056,20.4898771413427,15.5013109919964,18.817777985998,18.7344472330005,17.6845120703316,153.809287043624,165.49050331841,142.121357481036,153.807049281023
27,19.3176338789926,18.451111396018,17.0510941329994,18.27327980267,14.1995859630115,14.8012555460155,18.5011142230069,15.8339852440113,16.4677844420075,17.0343739560049,18.5176214879903,17.3399266286676,19.3177124119829,18.7178031550138,18.7009902099962,18.912168592331,16.084630606987,18.1010068999894,16.9344373409986,17.040024949325,210.825645783079,210.148745542774,207.559197097212,209.511196141021
28,17.8344213470118,17.5510237950075,17.2012432619813,17.5288961346669,20.5842445619928,16.9678380659898,23.000744813995,20.1842758139925,18.667699098005,21.4009442759852,20.3843020049972,20.1509817929958,25.8339397530071,23.150898619002,20.7174879620143,23.2341087780078,17.8511232470046,17.7176786259806,15.9345361269952,17.1677793333268,195.991534197079,184.180766473308,184.17096593049,188.114422200292
29,19.3991935960075,20.0326209100022,19.3170198219887,19.5829447759994,14.8994358500058,16.2006088079943,19.033673383994,16.7112393473314,17.0836814779905,19.2671059249842,18.16714490499,18.1726441026549,21.4169228269893,19.150443999999,17.0004467010149,19.1892711760011,16.4005706459866,19.2169795460068,16.8338083590206,17.4837861836713,194.994081919592,194.679091311959,180.309009214841,189.994060815464
30,15.4678011619835,17.9176236620115,19.0510153369978,17.4788133869976,20.7826559979876,19.0343977189914,29.5337960080069,23.1169499083286,21.0992181530164,25.8838875519868,24.3507789669966,23.7779615573333,20.3008361659886,33.1002170749998,25.5505768489966,26.317210029995,21.0674949169916,28.4503780020168,24.7173326890043,24.7450685360042,119.363984536972,125.236883877912,114.215479737263,119.605449384049
31,16.2660730750067,17.5339094770025,14.0506741330028,15.950218895004,17.517186698009,18.7170582089748,20.5169381800224,18.9170610290021,14.6339564140071,16.6005508360104,14.884043929982,15.3728503933332,17.9004746779974,15.9506160960009,14.3674044770014,16.0728317503332,14.5842844519939,14.7840918240254,14.6006346319919,14.656336969337,202.120806679087,208.745013592154,180.798991943051,197.221604071431
32,18.0343222880038,15.2344455580169,15.1178029130097,16.1288569196768,15.1828796000045,15.7160303129931,21.3840793819982,17.4276630983319,17.6011191099824,17.7511247250077,17.7510857649904,17.7011098666602,17.3510005210119,16.8344202960143,18.7342198980041,17.6398802383434,17.6511817199935,17.551189092017,16.6345120219921,17.2789609446675,192.143914736387,209.302270533674,199.328498719147,200.258227996403
33,19.3171640919754,16.4338317619986,18.9670134670159,18.23933644033,16.4494309969887,15.4175400100066,19.2503511169925,17.0391073746626,15.4161960499769,17.3172193009814,16.4171723710024,16.3835292406535,20.3337956089817,17.8338407010015,14.9007508149953,17.6894623749928,19.4670428209938,17.3671833090193,16.1338861040131,17.6560374113421,210.946930919008,194.033383292907,196.391943656135,200.45741928935
33,19.3171640919754,16.4338317619986,18.9670134670159,18.23933644033,NA,33,NA,33,15.4161960499769,17.3172193009814,16.4171723710024,16.3835292406535,20.3337956089817,17.8338407010015,14.9007508149953,17.6894623749928,19.4670428209938,17.3671833090193,16.1338861040131,17.6560374113421,210.946930919008,194.033383292907,196.391943656135,200.45741928935
34,18.1178133259818,19.0510055509803,19.7842384940013,18.9843524569878,17.8992317070079,20.0658897740068,22.7340959499998,20.2330724770048,24.5507426660042,24.734019378986,22.1675107069896,23.8174242506599,25.0674112850102,25.3006923670182,23.0840746190224,24.4840594236836,22.3675746849913,24.1339165969985,22.1508619969827,22.8841177596575,190.894935439692,181.186349653944,178.018163751653,183.366482948429
35,15.9667895750026,15.2666888799868,17.932566353993,16.3886816029941,14.7336108489835,15.6493886559911,20.8332521610137,17.0720838886627,15.3502460969903,16.2500764810247,17.499986684008,16.3667697540077,19.8498023249849,19.3332984739973,19.133374270983,19.4388250233217,16.5333046419837,17.4002439039759,17.9167173159949,17.2834219539848,202.55256425547,195.412784279083,177.665420526092,191.876923020215
36,16.8828301570029,16.8012146490219,15.0512110290001,16.2450852783416,15.4995558380033,18.4660259940138,20.7842192089884,18.2499336803351,16.0011596969853,15.5844596480019,15.651144819014,15.7455880546671,18.1995923320064,17.7844562699902,16.2011735020205,17.3950740346724,15.5178415900155,15.9845898820204,15.7011874190066,15.7345396303475,198.438133333676,183.890989694735,181.233173343013,187.854098790475
37,20.8003799789876,20.9504594619793,20.3158699140185,20.6889031183285,16.967279280012,16.5673427559959,22.5668661190139,18.7004960516739,23.2174303480133,21.9341918280115,21.267634193995,22.13975212334,24.1507704989926,22.1657930320071,19.7843367170135,22.0336334160044,19.6843196249974,19.2678467149963,20.4342940920033,19.7954868106657,208.636301578056,202.685418034631,187.409937997584,199.577219203424
38,0.002395435993094,17.2660470739938,13.5512114590092,10.2732179896654,17.6677038269991,14.61799487198,24.4840087330085,18.9232358106625,19.0510923220136,20.7342574789946,19.4010032599908,19.7287843536663,24.2840096679865,23.750715815986,20.2158388899988,22.7501881246571,18.9343221720192,21.2841797429719,19.8676649660047,20.0287222936652,182.321004515079,167.503680597211,171.376004118836,173.733563077042
39,20.4342898830073,16.9677249199885,15.1346251509967,17.5122133179975,15.9995188809989,19.3010763069906,20.9341623589862,18.7449191823252,16.4681388780009,17.6343614899961,19.3324535680003,17.8116513119991,20.684302944981,20.3509018420009,15.101222131023,18.7121423060016,12.9179973739956,15.3344946220168,14.1178690500092,14.1234536820072,193.212564133257,187.802264078348,167.866909432573,182.960579214726
40,19.9676077909826,16.7494309520116,19.817751347,18.8449300299981,19.8176022529951,19.4342208400194,19.3676365819992,19.5398198916713,16.6845399349986,18.4344383690041,16.3010469510045,17.1400084183357,21.9175482059945,20.3175510599976,21.6341567930067,21.2897520196663,17.8677816540003,18.8010959149979,16.9344548200024,17.8677774630002,190.132172287697,190.245265003392,179.941818496327,186.773085262472
41,22.3175083699753,16.2178606170055,16.0844607519975,18.2066099129928,13.5846637040086,18.2511793320009,20.0341827360098,17.2900085906731,18.9510799499985,20.7009144840122,19.1675705119851,19.6065216486653,23.6174276389938,22.1341831969912,18.9343167120242,21.5619758493364,18.6008765400038,19.1009166509903,18.251017417002,18.650936869332,179.153699599036,169.444178331481,156.162475587162,168.25345117256
42,18.9510481400066,16.2328871370119,17.1677895449975,17.450574940672,17.0177109249926,23.384146958997,22.36739188098,20.9230832549899,19.5492642820172,20.5676252060221,21.3508376309765,20.4892423730053,24.5340688980068,24.8673497450072,20.5342837240023,23.3119007890054,20.9176517399901,21.7176688770123,20.3176493789942,20.9843233319989,192.530900974721,172.695572307322,156.616611541268,173.947694941104
43,17.4160346979916,14.9345848399971,19.8158789569861,17.3888328316583,15.8344980610127,13.3496048220259,15.1678827200085,14.7839952010157,20.1178023320099,18.4009468440199,18.7510252490174,19.0899248083491,20.0010764659964,21.2174445830169,17.8344270009839,19.6843160166657,19.3510328859848,17.3176339089987,19.1176413059875,18.595436033657,199.475157888608,191.88310474165,175.670252248249,189.009504959502
44,16.7677155449928,17.0327182289911,22.2342154750077,18.6782164163305,16.3511651449953,18.2011405560188,20.7675572529843,18.4399543179995,15.5660836580209,15.751173511002,13.5179487140267,14.9450686276832,22.0176519810047,18.0510677139973,15.1844489320065,18.4177228756695,16.3011344989936,14.6344709669938,15.484531419992,15.4733789619931,210.013899955232,196.813017853631,191.106735676846,199.31121782857
45,17.8677043589996,19.0678223549912,17.7176311869989,18.2177193003299,16.0345760020136,17.9161365930049,16.8343903690111,16.9283676546765,20.6175399489875,20.4176718680246,19.8176696320006,20.2842938163376,23.0341880790074,22.5840976740001,19.5010756959964,21.7064538163346,18.1826335950173,22.0341834199789,22.5840898850001,20.9336356333321,198.954397733978,179.7251664805,147.920968452188,175.533510888889
46,17.5511286639958,16.1827651619969,15.0345041250112,16.2561326503346,17.3510601010057,19.8509686999896,22.2674399450189,19.8231562486714,14.151398091024,14.1679763940047,15.0844700220041,14.4679481690109,19.6009800600004,18.2010114269797,15.984508930007,17.928833472329,14.2013300059771,14.7679585540027,14.4344707859855,14.4679197819884,253.043418514125,258.55949585791,219.893447070819,243.832120480951
47,18.3176953889779,14.3011711169966,15.3178758040012,15.9789141033252,13.6513098569994,14.4178703439829,16.3177983789938,14.7956595266587,17.6846118270187,14.7996203940129,14.4180321810127,15.6340881340147,17.9510228520085,15.5177700530039,16.0011208360083,16.4899712470069,15.6679092280101,15.1845635879727,15.2845267929952,15.3789998696593,209.667732691223,210.526226862626,204.767243295359,208.320400949736
48,21.0169690400071,23.4004146289953,22.4002752579981,22.2725529756669,23.5835106580053,22.533597859001,29.9331870779861,25.3500985316641,35.0828914949961,36.1494200559973,30.7331522979948,33.9884879496628,34.7828843920142,33.1164206780086,28.7165441849793,32.2052830850007,0.0180803349940106,25.9334489909816,0.0180578470171895,8.65652905766425,147.281910811076,167.866163278556,135.887985473689,150.345353187774
49,18.6177877220034,15.517972015019,20.5991157309909,18.2449584893378,15.6177408640215,18.0993498869939,15.7994047469983,16.5054984993379,17.9010631720012,16.4012016229972,14.8178689049964,16.3733778999983,16.0845067749906,16.7510557710193,15.1511454680003,15.9955693380034,13.3846923660021,15.4845636339742,13.8012995180034,14.2235185059932,244.61012000344,222.221395197771,209.847892378995,225.559802526735
50,16.0662316949747,15.2678916729928,18.2510519099887,16.5283917593188,18.7510332340025,17.4178067499888,24.899006496009,20.3559488266668,15.9346091430052,18.5327169310185,20.1841803000134,18.2171687913457,15.9012424980174,16.3345434619987,14.234450214979,15.4900787249984,15.8180693729955,17.4510652419995,14.517859153013,15.9289979226693,245.549531493535,225.324703095265,229.359022327823,233.411085638874
51,17.0177066279866,13.7512757960067,15.6010994490061,15.4566939576665,16.3828574669897,19.3176296129823,19.8175966150011,18.5060278983243,18.8011263560038,17.5510646730254,21.134258303995,19.1621497776747,21.4841668250156,18.4509614109993,24.86733555299,21.6008212630016,16.8012498139869,19.1676751489867,19.5176454049943,18.4955234559893,165.408603169747,170.431210375214,145.338290191815,160.392701245592
52,18.3842803259904,17.184415013995,17.5844441170048,17.7177131523301,18.0344664510048,16.0845652639982,24.1656933039776,19.4282416729936,14.1013786800031,13.9828415700176,12.53480283299,13.5396743610036,18.6342902159959,18.3677086989919,16.8677963500086,17.9565984216655,12.7013973320136,14.567861751013,14.5511552300013,13.9401381043426,203.843359460672,197.136264523425,185.45349828705,195.477707423716
53,16.0678594919736,14.9178308300034,14.6345363400178,15.2067422206649,12.7680026250018,11.6332421699772,12.9495444979984,12.4502630976591,20.2175661039946,18.717808935995,17.7843763130077,18.9065837843324,19.3343302540015,19.1841927840142,17.7677466930181,18.7620899103446,16.4510701649997,16.6011032499955,16.5511907330074,16.5344547160009,217.929301802683,208.184856694225,200.077230761924,208.730463086277
54,16.6512265799975,16.1513104089827,14.9680262189941,15.9235210693247,17.034411250992,15.1346309310175,25.1505307689949,19.1065243170015,18.5344354509725,18.0343827699835,16.0327043780126,17.5338408663229,25.1338811260066,19.1509435409971,16.6343821999908,20.3064022889982,15.3161854360078,16.9844388340134,16.884497874009,16.3950407146767,205.047166572933,187.4262624489,162.09624837802,184.856559133284
55,21.650279191992,16.7005773319979,15.0846808679926,17.8118457973275,16.0006639569765,15.7673333339917,32.2497077729786,21.3392350213156,24.7833688329847,19.9836401279899,21.2504201940028,22.0058097183258,21.8168256290082,22.4336882339849,23.6502575129853,22.6335904586595,22.3836702260014,24.6500578359992,24.0002588760108,23.6779956460038,182.673314005153,186.161637843383,159.956795338168,176.263915728901
56,15.5328465249913,17.6510844519944,18.8510237979935,17.3449849249931,19.1677494560136,18.7010082269844,23.5007083399978,20.4564886743319,21.2824825579883,19.2510468469991,17.3677439969906,19.300424467326,18.3844327409752,19.8508200120123,19.2843557640153,19.1732028390009,16.4346295429859,16.3345588670054,17.2010841529991,16.6567575209968,206.714744008686,175.545733485656,175.960569747917,186.073682414087
57,17.6676757160167,16.1511757599947,16.3328216719965,16.7172243826693,15.2346481849963,17.7011702519958,22.617457357992,18.517758598328,19.0509790840151,18.0010153530166,17.2177974059887,18.0899306143401,22.4842603910074,24.0340134630096,19.8174450670194,22.1119063070122,18.0177178579906,18.0177089270146,17.8344570340123,17.9566279396725,181.109272544187,179.312231002648,165.007814635491,175.143106060775
58,19.3343330229982,18.0011032419861,18.2843000360008,18.5399121003284,18.4009973240027,19.1176576889993,22.5657390159904,20.0281313429975,23.4840748530114,23.5173905740085,22.4508233059896,23.1507629110032,26.3671688059985,26.4838946259988,25.7339522529801,26.1950052283258,20.8675154350058,21.4841996880132,21.1843033440236,21.1786728223475,184.256111854216,183.458126942538,178.375755447022,182.029998081259
59,16.9177835760056,15.4346000219812,17.0827623720106,16.4783819899991,13.7514078980021,14.1845684539876,18.8676194059954,15.601198585995,17.3010599659756,16.201073897013,18.9844222290267,17.4955186973384,19.7842220840103,18.1509847599955,15.4845231570071,17.8065766670043,14.9512940779969,17.7677264499944,16.6177609329752,16.4455938203221,220.33258483716,212.148331987054,185.066459906632,205.849125576948
60,16.617716703011,15.9846652109991,18.9176094059949,17.1733304400016,18.7510335929983,25.2840376789973,21.3342068089987,21.7897593603314,20.4343784399971,19.3675219370052,21.2676079519733,20.3565027763252,22.8840979239903,22.2174685159989,18.9842717819847,21.3619460739913,21.0009414440137,21.650956589001,20.4175905750017,21.0231628693388,149.296296529572,136.485356218638,126.499017488411,137.426890078874
61,23.1340725839837,18.2327679619193,25.2173917540349,22.1947440999793,18.6677410280099,15.7844573860057,18.0676458319649,17.5066147486602,16.8845805020537,13.3513902809937,15.3511349300388,15.1957019043621,19.3010140579427,16.1845070259878,16.3344170929631,17.2733127256312,15.4678092839895,15.284456614987,14.4678923489992,15.0733860826585,147.39312512742,145.842160969475,149.121513140907,147.452266412601
62,18.2176552339224,16.6994914079551,17.8010712700197,17.5727393039657,18.5160172230098,18.2010653950274,23.8506082830718,20.1892303003697,21.9678698990028,24.0506538639311,24.2174919060199,23.4120052229846,28.3004144459264,25.3989546310622,23.0341255640378,25.5778315470088,21.7176593639888,22.2507853229763,20.650789782987,21.5397448233174,182.583224146115,176.538761569777,159.811030597363,172.977672104418
63,17.034530719975,15.401279725018,16.3845330280019,16.2734478243316,13.8163382180501,16.5011226049392,18.0510569969192,16.1228392733028,21.1508925620001,19.400925263064,19.5011423769174,20.0176534006605,20.1010521550197,21.6841894410318,18.2510567880236,20.0120994613583,16.6660805830033,16.7510477839969,17.1345017530257,16.850543373342,212.586910580705,197.136274283984,193.817571911342,201.180252258677
64,19.8009319870034,17.2326760849683,21.6842096790206,19.5726059169974,20.8841911799973,17.0678102510283,20.7658487880835,19.572616739703,18.184386014007,18.3843314580154,15.7844292919617,17.451048921328,17.1509614569368,19.9509963119635,16.5843705270672,17.8954427653225,16.0346886030165,18.4010314579355,20.3325898840558,18.2561033150026,204.609398415577,190.710193718763,176.367644127322,190.562412087221
65,18.167710160953,17.4345575888874,18.1843345499365,17.928867433259,16.05125271203,16.1845638561063,14.782887386973,15.6729013183697,24.7006038899999,25.7173097729683,21.9341948169749,24.1173694933144,24.8340929020196,23.5007015549345,21.299101851997,23.2112987696504,19.9677946860902,22.4841009050142,20.7008914229227,21.0509290046757,172.904517436874,178.832658057136,160.098909013875,170.612028169295
66,11.5348208879586,13.1663344909903,12.3662696410902,12.355808340013,12.6516847299645,14.618224313017,17.601503693033,14.9571375786715,11.1516893580556,14.051321695908,13.417956801015,12.8736559516595,13.7847043899819,15.1846048950683,14.8513086549938,14.6068726466813,11.7683329390129,12.7346362259705,12.9013961560559,12.4681217736797,255.584768356592,241.858385577115,228.866510410836,242.103221448181
67,20.8341851750156,21.4842878929339,0.0184441530145705,14.1123057403214,23.2508264610078,19.4842835980235,20.3676845569862,21.0342648720058,22.2176238220418,20.7510091250297,19.2677582990145,20.7454637486953,20.4344268960413,23.3507608759683,19.6342182230437,21.1398019983511,22.5841732730623,21.3508915379643,20.3176316000754,21.4175654703674,179.999440721226,187.877502500397,174.006306929654,180.627750050425
68,16.7344151739962,15.5828566809651,18.1343182860874,16.8171967136829,18.5507936350768,18.4178845850984,18.0160810860107,18.328253102062,18.2178715720074,18.6678194110282,16.6012051490834,17.828965377373,21.0843460360775,19.6676316499943,18.2176625910215,19.6565467590311,17.6844834390795,18.984243524028,17.7677261140198,18.1454843590424,192.725851765276,179.037607632827,172.933346098796,181.5656018323
69,15.9512512470828,14.2512656389736,21.1175219279248,17.1066796046604,16.5512056819862,19.3342885989696,20.700869421009,18.8621212339882,15.7678459630115,18.6825665610377,17.3843673170777,17.2782599470423,19.051286853035,18.8345068680355,18.6843775059097,18.8567237423267,16.5179017169867,16.617841321975,15.1678817019565,16.1012082469727,199.475037723381,211.7639682326,204.609633738205,205.282879898062
70,21.650406499044,19.2005317959702,20.6003470160067,20.4837617703403,26.283301247051,21.3004166790051,22.965696468018,23.5164714646914,23.4836583570577,23.7168457160005,22.3657500019763,23.1887513583448,25.7322699599899,23.1502669659676,21.7168953450164,23.5331440903246,22.5336260059848,25.0000936150318,25.8168554700678,24.4501916970282,116.202593149946,116.017781279511,89.5347392736638,107.251704567707
71,20.4842412209837,17.9009755840525,20.1845962180523,19.5232710076962,16.1845124399988,21.5991467059357,17.0843978070188,18.2893523176511,17.3178637009114,13.3680710640037,19.251011668006,16.6456488109737,22.9842951360624,22.817401095992,16.5660977039952,20.7892646453499,14.5846817309503,18.8010221830336,17.0344601700781,16.806721361354,181.287328349835,163.642046602749,156.478841266335,167.136072072973
72,16.8344781940104,17.1511042810744,19.7342789899558,17.9066204883469,19.2509021459846,17.7178739210358,19.5842224539956,18.8509995070053,18.3678032050375,18.2842769030249,20.0842720519286,18.9121173866636,21.5175349169876,19.0343495439738,19.1010508131003,19.8843117580206,16.4845518319635,19.7176057859324,18.3509899900528,18.1843825359829,217.184498960737,192.040038275316,188.27102346445,199.165186900167
73,23.2841961031081,23.5156352319755,22.1508621340618,22.9835644897151,18.8015784570016,18.0512245879509,23.200833063107,20.0178787026865,24.000701876008,22.6675907579483,27.2173234299989,24.6285386879851,24.550778564997,25.4006109409966,19.7175889909267,23.2229928323068,21.3344237479614,21.3509699240094,19.267727971077,20.6510405476826,170.281024262156,162.501328377287,138.825572932585,157.202641857343
74,15.5178675609641,14.3680432210676,16.017732113949,15.3012142986602,16.7010376799153,14.5346042179735,16.9494320979575,16.0616913319488,19.3509580700193,22.6340375409927,19.1510139630409,20.3786698580176,25.2507630920736,24.5839534469415,19.9509648900712,23.2618938096954,17.3512163670966,18.6343035019236,18.0510799649637,18.0121999446613,197.309389259434,178.558630516522,183.095486202155,186.32116865937
75,19.384365846985,16.3661241119262,16.2511333730072,17.3338744439728,16.7513106290717,17.5160700099077,22.2506964700297,18.8393590363363,17.3328411689727,17.3511118040187,16.3678548529278,17.0172692753064,20.3159473290434,17.7509580330225,17.8177408049814,18.6282153890158,16.5012123810593,17.6510444460437,16.1179132889956,16.7567233720329,187.423526554237,192.276887653832,180.428064863447,186.709493023838
76,18.0494141809177,15.5339069030015,14.8840331750689,16.155784752996,38.9992382660275,17.1671555269277,17.550421735039,24.5722718426647,16.9505074920598,18.0003955200082,16.1338961119764,17.0282663746815,21.0336639420129,24.4333993330365,16.7171379829524,20.7280670860006,14.4006241289899,15.8672311439877,15.2672999670031,15.1783850799936,205.716053530629,207.818742050372,204.299039012117,205.944611531039
77,21.5175302790012,23.0508757759817,25.5839679540368,23.3841246696732,20.7008736679563,25.3339966469212,27.1172173259547,24.3840292136107,25.1157777989283,24.3006599639775,21.2988150379388,23.5717509336149,24.6173920138972,23.8506714020623,19.8510794359026,22.7730476172874,19.6343643729342,20.2342518040678,18.5010426919907,19.4565529563309,157.947739939419,155.019996739097,144.982646259908,152.650127646141
78,15.3179023680277,17.6846000680234,19.8325988779543,17.6117004380018,19.7009142700117,21.6825180740561,20.4508561339462,20.6114294926714,21.1842955889879,26.7838112360332,21.5008977759862,23.1563348670024,20.1177009110106,20.7509301999817,24.0174032360082,21.6286781156668,18.8176969359629,23.3840529010631,21.5508593779523,21.2508697383261,179.15299529553,167.383784925039,153.725039999282,166.753940073284
79,12.7497348039178,14.9161573839374,14.8345581149915,14.1668167676156,16.4344699400244,17.3177018739516,16.1510844990844,16.6344187710201,15.7344873659313,14.6178845660761,14.4345336300321,14.9289685206798,16.0844600349665,15.7511687210063,17.6010223819176,16.4788837126301,14.7846207469702,16.0178163620876,14.5846710170154,15.1290360420244,192.240471845157,182.813807379907,186.687372493784,187.247217239616
80,13.2662521119928,14.6011601769133,16.1846041360404,14.6840054749822,16.9009847550187,17.566030887072,19.8508543339558,18.1059566586822,20.6677006300306,20.7676229510689,21.0174842169508,20.8176025993501,23.7673306909855,23.2839668090455,27.2672098519979,24.7728357840097,19.0343043260509,20.4175482169958,19.8343764669262,19.7620763366576,176.177176132523,185.347321278793,164.803478931125,175.442658780814
81,21.8841375929769,21.7508590510115,22.5675543450052,22.0675169963312,18.6843481159303,20.0491810779786,23.1341764059616,20.6225685332902,20.8843015000457,24.2006983249448,22.7341809580103,22.6063935943336,25.3172771401005,23.400725801941,21.4341995998984,23.38406751398,22.4341178139439,24.2340262890793,22.6009000369813,23.0896813800015,176.66647981719,168.650615902303,161.018345547417,168.778480422303
82,17.06780522794,18.3843655659584,20.0177155400161,18.4899621113048,16.2160375700332,18.3177669360302,20.6343002659269,18.3893682573301,18.4844982640352,20.0343144279905,21.0508040320128,19.8565389080128,21.1509539030958,22.185027851956,20.0850891129812,21.140356956011,16.1844952389365,17.6678212319966,20.034159081988,17.9621585176404,168.47588184675,161.492886350732,153.946853384844,161.305207194109
83,25.9489797239657,21.3826002170099,20.1175518869422,22.4830439426393,14.8845664390828,18.5344395459397,17.2010730350157,16.8733596733461,19.1346060370561,18.7177524889121,18.2676825699164,18.7066803652948,22.4008981990628,20.1009165620198,20.6342746280134,21.0453631296987,15.7344356559915,15.8177479410078,16.2344608369749,15.9288814779914,157.487369903927,147.636347569196,144.393605254057,149.839107575727
84,19.3159495469881,19.5676171570085,16.7679555669893,18.550507423662,20.2341977331089,25.4173144730739,28.1670950930566,24.6062024330798,22.9175482500577,20.5508509440115,24.0840675119543,22.5174889020079,26.2988231870113,25.9839618050028,22.0342501009582,24.7723450309907,20.4343367570546,20.8509223200381,20.2009770309087,20.4954120360004,182.14743155157,158.646043077563,149.498043812641,163.430506147258
85,18.9343453869224,17.7160931220278,16.2845298170578,17.6449894420027,13.2846812029602,17.8158939769492,18.4677590569481,16.5227780789525,16.0177967449417,15.7011881760554,14.45126561902,15.3900835133391,19.0010353409452,15.9510835020337,15.0994326859945,16.6838505096578,15.5845862498973,14.7012684179936,15.4345752820373,15.2401433166427,192.347143740793,215.865973898281,212.440750010132,206.884622549735
86,18.7994043999352,15.2846226580441,16.9844035200076,17.0228101926623,16.2494071880355,19.6492704929551,21.900823152042,19.2665002776776,18.5510357319145,18.9659905269509,16.8844162559835,18.1338141716163,20.2676746299258,19.3675869629951,18.8842919520102,19.5065178483104,16.2012045949232,16.8177553080022,16.816162948031,16.6117076169855,199.893060474786,201.898486913113,191.381507701356,197.724351696418
87,22.8501762649976,17.5671895100968,18.1671916920459,19.5281858223801,14.7840256839991,21.6337039830396,24.4334503778955,20.2837266816447,22.0335074609611,21.4002096549375,20.2670959169045,21.2336043442677,26.1833637489472,27.3499083819333,23.2501543969847,25.5944755092884,19.8836687069852,19.9169275049353,20.7824367110152,20.1943443076452,166.277318625697,146.025838512377,146.822001445,153.041719527692
88,20.717674577958,15.8511720129754,18.7510667169699,18.4399711026344,17.6326413039351,0.0669038760242984,27.0505254489835,14.9166902096476,21.3342186630471,20.1509132200154,19.3676896489924,20.2842738440183,26.0339858360821,25.0673565430334,21.3341938509839,24.1451787433665,19.2175955140265,20.6675349239958,23.4173104210058,21.100813619676,187.148663844078,174.824121958256,151.927741226822,171.300175676385
89,18.1676447379868,14.7511994030792,16.1178007220151,16.3455482876937,13.7162496080855,14.43455807399,15.4679350140505,14.5395808987087,17.217826180975,16.9512497779215,16.7177111780038,16.9622623789667,21.5009384240257,19.1009898060001,17.5009604509687,19.3676295603315,16.9344304730184,15.8011081030127,16.3177263860125,16.3510883206812,201.476018028182,183.028362866157,176.543318184969,187.015899693103
90,15.7679221190047,14.8679432170466,14.8512355589774,15.1623669650095,19.6010254359571,19.5176115110517,20.8343267100863,19.9843212190317,20.6825425149873,23.2674511059886,20.7674985880731,21.5724974030163,26.4005811889656,22.7008062930545,21.4675640250789,23.5229838356997,23.600634880946,22.117548917071,22.2509178039618,22.6563672006596,206.489842445975,198.390045032077,182.843671549118,195.907853009057
91,17.1843960511032,15.1013631130336,17.1843643219909,16.4900411620426,15.7495478370693,18.1342867689673,22.4674604369793,18.7837650143386,17.2178945299238,17.3177937390283,19.4343955349177,17.9900279346233,23.1174572450109,21.9508308300283,19.5175940280315,21.5286273676902,19.1008282919647,16.7178891249932,18.7176200429676,18.1787791533085,110.036765231514,111.166837924035,95.3520791441907,105.51856076658
92,13.2340478439583,14.0840017860755,13.9507723679999,13.7562739993446,16.2505788929993,15.6672108020866,16.8505560839549,16.2561152596803,13.4840901229763,15.7172700189985,15.0506625109119,14.7506742176289,16.9506411770126,16.9672266569687,15.4507230889285,16.4561969743033,14.2174409129657,15.517346435925,15.8506778830197,15.1951550773034,201.79887021526,190.402337083021,184.875826052685,192.359011116989
93,20.6008698829683,18.9343915489735,20.5991495619528,20.0448036646315,17.1177703690482,17.0494745159522,20.5841841519577,18.2504763456527,24.8005833909847,26.2821963920724,21.1658284940058,24.0828694256876,24.8840554909548,25.9339335680706,23.2673698520521,24.6951196370258,20.6342039849842,22.0508146010106,21.9490922389086,21.5447036083012,160.809843969463,149.618933495506,133.369730375322,147.932835946763
94,18.3342551080277,19.0343021210283,16.6512026849668,18.0065866380076,17.0010763399769,16.9179048730293,21.7174981749849,18.5454931293304,19.7491713339696,20.1175612149527,18.7343755569309,19.5337027019511,21.8175096249906,22.3007371199783,20.9675088099902,21.6952518516531,17.9176525140647,18.3508845058968,17.0176886600675,17.7620752266763,203.083578328857,198.305804284646,179.275012255089,193.554798289531
95,16.4845335410209,14.3514377849642,18.8009761199355,16.5456491486402,14.5329534999328,16.5826483489946,17.9009580620332,16.3388533036535,14.3847077079117,13.7512873740634,13.18292801606,13.7729743660117,17.00119468302,15.1513056469848,14.4177887719125,15.5234297006391,12.5347410000395,13.3663169950014,12.5513003179803,12.8174527710071,229.319501528724,228.402925215153,212.610512087001,223.444312943626
96,20.567535071983,22.5841001040535,24.933901131968,22.6951787693348,22.7340691171121,23.4175025140867,26.0007301049773,24.050767245392,27.7005442349473,25.9505220990395,24.6006651270436,26.0839104870101,30.4670357679715,27.9838030439569,27.8005558580626,28.750464889997,25.284052261035,24.9173009039368,24.4506846319418,24.8840125989712,153.623739061497,150.098352519988,145.101256803008,149.607782794831
97,18.1493129560258,16.7344083129428,17.5176364119397,17.4671192269695,13.6846326589584,17.4011997929774,15.3845279269153,15.4901201262837,19.5676822490059,18.3342693599407,18.7009469559416,18.8676328549627,25.3172614710638,21.4675939589506,20.0010340629378,22.2619631643174,17.434497884009,17.3660097420216,18.0177236240124,17.6060770833477,185.781630602835,183.891468065449,157.962376048076,175.87849157212
98,17.4344472869998,14.7346273850417,14.7179443760542,15.6290063493652,16.4511738599977,16.1177966239629,21.1324492309941,17.9004732383182,17.7011392690474,17.4177902300144,17.1677648830228,17.4288981273615,21.3841643569758,19.4508730110247,18.7844227070455,19.8731533583486,15.5011670140084,15.1678227940574,14.3344998100074,15.0011632060244,210.128842137284,214.187798375332,214.49425502613,212.936965179582
99,32.7003311769804,21.8009914329741,28.3004614689853,27.6005946929799,18.801058238023,21.4342566611012,23.1174689480104,21.1175946157115,19.8510688509559,18.9509652280249,17.9844887820072,18.9288409536627,22.5509737940738,21.9342507580295,18.7009542089654,21.0620595870229,14.0346927039791,16.8511617130134,13.1663452299545,14.6840665489823,203.408506317169,178.151590630916,190.152559707331,190.570885551805
100,20.7175376979867,21.8657511660131,20.6342777670361,21.0725222103453,20.2009459040128,24.384107990074,24.4340168091003,23.0063569010623,20.9509503870504,22.2674883489963,24.8340213580523,22.6841533646996,23.7508077130187,23.8839889990631,23.2340472480282,23.6229479867034,22.0507867289707,22.800728939008,22.2341677680379,22.3618944786722,156.202166455617,165.373020647035,168.02543753386,163.200208212171
101,25.3167857590597,23.3667743559927,20.483567173942,23.0557090963315,20.7668971419334,19.7491910980316,27.1500069650356,22.5553650683335,20.2669555729954,22.1669733130839,19.1003771770047,20.5114353543613,23.4001075150445,22.1669674440054,19.6825980891008,21.7498910160502,18.0004136470379,20.2336367660901,23.6002728909953,20.6114411013744,185.340786908171,164.618643154903,160.971195933081,170.310208665385
102,18.3509692840744,20.5992799319793,21.6008165749954,20.1836885970163,17.4011903570499,21.767490228056,22.7674032279756,20.6453612710272,20.0842990640085,20.9341119159944,21.1841156620067,20.7341755473365,25.1172531570774,23.2839456300717,19.6509688190417,22.6840558687303,16.9510719969403,18.1177340809954,18.5176939879311,17.8621666886223,175.609176003588,169.199115501442,138.464711011089,161.091000838706
103,24.867336860043,20.5510538460221,20.4009515700163,21.9397807586938,15.7844910740387,18.7826721179299,17.8010929720476,17.4560853880054,16.3010941130342,15.1677694950486,18.767702118028,16.7455219087036,18.0344119729707,18.6176565369824,15.501185662928,17.384418057627,14.4178767260164,18.7508822859963,16.1494382770034,16.4393990963387,205.378633175287,197.635084065466,191.243665244009,198.085794161587
104,17.434288998018,18.3344827739056,18.8843223719159,18.2176980479465,21.6007733850274,18.1344841850223,20.8174915710697,20.1842497137065,16.1344772359589,17.3844568789937,18.5011089129839,17.3400143426455,20.5008456250653,22.4673676870298,17.3660636969144,20.1114256696698,15.3178851279663,16.8511019670404,17.3010263040196,16.4900044663421,211.5260538286,179.793983600491,188.53729192883,193.28577645264
105,27.9155013849959,18.3177774470532,19.9342496759491,22.0558428359994,15.4512554770336,18.1011919940356,18.4510544060031,17.3345006256908,20.0842038450064,18.8842697760556,18.3510487329913,19.1065074513511,24.0508008770412,25.4823540400248,19.5343041539891,23.0224863570184,18.8009926480008,19.5491919319611,20.4341882960871,19.594790958683,172.591162610298,163.524092358083,155.929215633683,164.014823534021
106,14.6347647770308,18.4677334589651,19.9491931879893,17.6838971413284,18.4843790340237,25.5155432110187,22.9507001138991,22.3168741196472,17.5178587080445,19.967581321951,20.184192454908,19.2232108283012,22.2840502369218,17.5510119709652,18.0844982180279,19.3065201419716,19.1177941439673,23.1340745990165,19.5842421649722,20.6120369693187,132.363315788525,143.825267572001,136.829195244212,137.672592868246
107,21.2008723249892,27.098825469031,19.9676309960196,22.7557762633466,18.3177276540082,19.4677195800468,19.9841827410273,19.2565433250275,14.7013571729185,15.467895340058,16.0676707029343,15.4123077386369,24.1674077829812,17.166067403974,16.8843721990706,19.4059491286753,14.7846729740268,14.7679132350022,16.4343694950221,15.3289852346837,184.613232432133,182.322009089359,164.295125932795,177.076789151429
108,22.0675237689866,24.4840945490869,18.1009682619479,21.5508621933404,21.9675496839918,27.7005809810944,25.0823104139417,24.9168136930093,17.5512250680476,16.0844784709625,16.5678760178853,16.7345265189651,21.5341152449837,17.3176847170107,16.7844111039303,18.5454036886416,14.1014088699594,15.3178399050375,16.5345182619058,15.3179223456342,163.706528871087,173.721234276607,140.472444628629,159.300069258775
